2014,2,11,15994.77,4191.045,1819.75,15963.94
2014,2,12,15963.94,4201.288,1819.26,16027.59
2014,2,13,16027.59,4240.672,1829.83,16154.39
2014,2,14,16154.39,4244.025,1838.63,16130.4
2014,2,18,16130.4,4272.783,1840.76,16040.56
2014,2,19,16040.56,4237.954,1828.75,16133.23
2014,2,20,16133.23,4267.545,1839.78,16103.3
2014,2,21,16103.3,4263.411,1836.25,16207.14
2014,2,24,16207.14,4292.968,1847.61,16179.66
2014,2,25,16179.66,4287.587,1845.12,16198.41
2014,2,26,16198.41,4292.064,1845.16,16272.65
2014,2,27,16272.65,4318.933,1854.29,16321.71
2014,2,28,16321.71,4308.119,1859.45,16168.03
2014,3,3,16168.03,4277.301,1845.73,16395.88
2014,3,4,16395.88,4351.972,1873.91,16360.18
2014,3,5,16360.18,4357.974,1873.81,16421.89
2014,3,6,16421.89,4352.125,1877.03,16452.72
2014,3,7,16452.72,4336.223,1878.04,16418.68
2014,3,10,16418.68,4334.448,1877.17,16351.25
2014,3,11,16351.25,4307.188,1867.63,16340.08
2014,3,12,16340.08,4323.332,1868.2,16108.89
2014,3,13,16108.89,4260.42,1846.34,16065.67
2014,3,14,16065.67,4245.396,1841.13,16247.22
2014,3,17,16247.22,4279.949,1858.83,16336.19
2014,3,18,16336.19,4333.313,1872.25,16222.17
2014,3,19,16222.17,4307.602,1860.77,16331.05
2014,3,20,16331.05,4319.286,1872.01,16302.77
2014,3,21,16302.77,4276.788,1866.52,16276.69
2014,3,24,16276.69,4226.385,1857.44,16367.88
2014,3,25,16367.88,4234.268,1865.62,16268.99
2014,3,26,16268.99,4173.579,1852.56,16264.23
2014,3,27,16264.23,4151.232,1849.04,16323.06
2014,3,28,16323.06,4155.759,1857.62,16457.66
2014,3,31,16457.66,4198.994,1872.34,16532.61
2014,4,1,16532.61,4268.04,1885.52,16573
2014,4,2,16573,4276.456,1890.9,16572.55
2014,4,3,16572.55,4237.74,1888.77,16412.71
2014,4,4,16412.71,4127.726,1865.09,16245.87
2014,4,7,16245.87,4079.753,1845.04,16256.14
2014,4,8,16256.14,4112.986,1851.96,16437.18
2014,4,9,16437.18,4183.9,1872.18,16170.22
2014,4,10,16170.22,4054.106,1833.08,16026.75
2014,4,11,16026.75,3999.734,1815.69,16173.24
2014,4,14,16173.24,4022.694,1830.61,16262.56
2014,4,15,16262.56,4034.161,1842.98,16424.85
2014,4,16,16424.85,4086.225,1862.31,16408.54
2014,4,17,16408.54,4095.516,1864.85,16449.25
2014,4,21,16449.25,4121.546,1871.89,16514.37
2014,4,22,16514.37,4161.458,1879.55,16501.65
2014,4,23,16501.65,4126.967,1875.39,16501.65
2014,4,24,16501.65,4148.338,1878.61,16361.46
2014,4,25,16361.46,4075.562,1863.4,16448.74
2014,4,28,16448.74,4074.401,1869.43,16535.37
2014,4,29,16535.37,4103.543,1878.33,16580.84
2014,4,30,16580.84,4114.556,1883.95,16558.87
2014,5,1,16558.87,4127.451,1883.68,16512.89
2014,5,2,16512.89,4123.897,1881.14,16530.55
2014,5,5,16530.55,4138.055,1884.66,16401.02
2014,5,6,16401.02,4080.759,1867.72,16518.54
2014,5,7,16518.54,4067.673,1878.21,16550.97
2014,5,8,16550.97,4051.496,1875.63,16583.34
2014,5,9,16583.34,4071.87,1878.48,16695.47
2014,5,12,16695.47,4143.859,1896.65,16715.44
2014,5,13,16715.44,4130.165,1897.45,16613.97
2014,5,14,16613.97,4100.627,1888.53,16446.81
2014,5,15,16446.81,4069.292,1870.85,16491.31
2014,5,16,16491.31,4090.588,1877.86,16511.86
2014,5,19,16511.86,4125.815,1885.08,16374.31
2014,5,20,16374.31,4096.891,1872.83,16533.06
2014,5,21,16533.06,4131.538,1888.03,16543.08
2014,5,22,16543.08,4154.342,1892.49,16606.27
2014,5,23,16606.27,4185.808,1900.53,16675.5
2014,5,27,16675.5,4237.068,1911.91,16633.18
2014,5,28,16633.18,4225.075,1909.78,16698.74
2014,5,29,16698.74,4247.947,1920.03,16717.17
2014,5,30,16717.17,4242.618,1923.57,16743.63
2014,6,2,16743.63,4237.199,1924.97,16722.34
2014,6,3,16722.34,4234.081,1924.24,16737.53
2014,6,4,16737.53,4251.643,1927.88,16836.11
2014,6,5,16836.11,4296.227,1940.46,16924.28
2014,6,6,16924.28,4321.399,1949.44,16943.1
2014,6,9,16943.1,4336.243,1951.27,16945.92
2014,6,10,16945.92,4337.997,1950.79,16843.88
2014,6,11,16843.88,4331.932,1943.89,16734.19
2014,6,12,16734.19,4297.633,1930.11,16775.74
2014,6,13,16775.74,4310.653,1936.16,16781.01
2014,6,16,16781.01,4321.105,1937.78,16808.49
2014,6,17,16808.49,4337.234,1941.99,16906.62
2014,6,18,16906.62,4362.836,1956.98,16921.46
2014,6,19,16921.46,4359.326,1959.48,16947.08
2014,6,20,16947.08,4368.037,1962.87,16937.26
2014,6,23,16937.26,4368.676,1962.61,16818.13
2014,6,24,16818.13,4350.355,1949.98,16867.51
2014,6,25,16867.51,4379.757,1959.53,16846.13
2014,6,26,16846.13,4379.046,1957.22,16851.84
2014,6,27,16851.84,4397.93,1960.96,16826.6
2014,6,30,16826.6,4408.178,1960.23,16956.07
2014,7,1,16956.07,4458.651,1973.32,16976.24
2014,7,2,16976.24,4457.734,1974.62,17068.26
2014,7,3,17068.26,4485.925,1985.44,17024.21
2014,7,7,17024.21,4451.53,1977.65,16906.62
2014,7,8,16906.62,4391.463,1963.71,16985.61
2014,7,9,16985.61,4419.034,1972.83,16915.07
2014,7,10,16915.07,4396.204,1964.68,16943.81
2014,7,11,16943.81,4415.49,1967.57,17055.42
2014,7,14,17055.42,4440.419,1977.1,17060.68
2014,7,15,17060.68,4416.387,1973.28,17138.2
2014,7,16,17138.2,4425.968,1981.57,16976.81
2014,7,17,16976.81,4363.447,1958.12,17100.18
2014,7,18,17100.18,4432.146,1978.22,17051.73
2014,7,21,17051.73,4424.704,1973.63,17113.54
2014,7,22,17113.54,4456.016,1983.53,17086.63
2014,7,23,17086.63,4473.697,1987.01,17083.8
2014,7,24,17083.8,4472.107,1987.98,16960.57
2014,7,25,16960.57,4449.563,1978.34,16982.59
2014,7,28,16982.59,4444.909,1978.91,16912.11
2014,7,29,16912.11,4442.698,1969.95,16880.36
2014,7,30,16880.36,4462.902,1970.07,16563.3
2014,7,31,16563.3,4369.773,1930.67,16493.37
2014,8,1,16493.37,4352.639,1925.15,16569.28
2014,8,4,16569.28,4383.889,1938.99,16429.47
2014,8,5,16429.47,4352.835,1920.21,16443.34
2014,8,6,16443.34,4355.051,1920.24,16368.27
2014,8,7,16368.27,4334.967,1909.57,16553.93
2014,8,8,16553.93,4370.898,1931.59,16569.98
2014,8,11,16569.98,4401.331,1936.92,16560.54
2014,8,12,16560.54,4389.251,1933.75,16651.8
2014,8,13,16651.8,4434.125,1946.72,16713.58
2014,8,14,16713.58,4453.002,1955.18,16662.91
2014,8,15,16662.91,4464.927,1955.06,16838.74
2014,8,18,16838.74,4508.313,1971.74,16919.59
2014,8,19,16919.59,4527.514,1981.6,16979.13
2014,8,20,16979.13,4526.482,1986.51,17039.49
2014,8,21,17039.49,4532.104,1992.37,17001.22
2014,8,22,17001.22,4538.551,1988.4,17076.87
2014,8,25,17076.87,4557.348,1997.92,17106.7
2014,8,26,17106.7,4570.637,2000.02,17122.01
2014,8,27,17122.01,4569.621,2000.12,17079.57
2014,8,28,17079.57,4557.695,1996.74,17098.45
2014,8,29,17098.45,4580.271,2003.37,17067.56
2014,9,2,17067.56,4598.188,2002.28,17078.28
2014,9,3,17078.28,4572.565,2000.72,17069.58
2014,9,4,17069.58,4562.287,1997.65,17137.36
2014,9,5,17137.36,4582.9,2007.71,17111.42
2014,9,8,17111.42,4592.285,2001.54,17013.87
2014,9,9,17013.87,4552.285,1988.44,17068.71
2014,9,10,17068.71,4586.522,1995.69,17049
2014,9,11,17049,4591.806,1997.45,16987.51
2014,9,12,16987.51,4567.599,1985.54,17031.14
2014,9,15,17031.14,4518.902,1984.13,17131.97
2014,9,16,17131.97,4552.759,1998.98,17156.85
2014,9,17,17156.85,4562.188,2001.57,17265.99
2014,9,18,17265.99,4593.425,2011.36,17279.74
2014,9,19,17279.74,4579.789,2010.4,17172.68
2014,9,22,17172.68,4527.689,1994.29,17055.87
2014,9,23,17055.87,4508.688,1982.77,17210.06
2014,9,24,17210.06,4555.221,1998.3,16945.8
2014,9,25,16945.8,4466.748,1965.99,17113.15
2014,9,26,17113.15,4512.194,1982.85,17071.22
2014,9,29,17071.22,4505.853,1977.8,17042.9
2014,9,30,17042.9,4493.39,1972.29,16804.71
2014,10,1,16804.71,4422.085,1946.16,16801.05
2014,10,2,16801.05,4430.195,1946.17,17009.69
2014,10,3,17009.69,4475.624,1967.9,16991.91
2014,10,6,16991.91,4454.802,1964.82,16719.39
2014,10,7,16719.39,4385.203,1935.1,16994.22
2014,10,8,16994.22,4468.594,1968.89,16659.25
2014,10,9,16659.25,4378.336,1928.21,16544.1
2014,10,10,16544.1,4276.237,1906.13,16321.07
2014,10,13,16321.07,4213.656,1874.74,16315.19
2014,10,14,16315.19,4227.171,1877.7,16141.74
2014,10,15,16141.74,4215.317,1862.49,16117.24
2014,10,16,16117.24,4217.39,1862.76,16380.41
2014,10,17,16380.41,4258.438,1886.76,16399.67
2014,10,20,16399.67,4316.074,1904.01,16614.81
2014,10,21,16614.81,4419.479,1941.28,16461.32
2014,10,22,16461.32,4382.847,1927.11,16677.9
2014,10,23,16677.9,4452.792,1950.82,16805.41
2014,10,24,16805.41,4483.715,1964.58,16817.94
2014,10,27,16817.94,4485.933,1961.63,17005.75
2014,10,28,17005.75,4564.294,1985.05,16974.31
2014,10,29,16974.31,4549.226,1982.3,17195.42
2014,10,30,17195.42,4566.138,1994.65,17390.52
2014,10,31,17390.52,4630.742,2018.05,17366.24
2014,11,3,17366.24,4638.907,2017.81,17383.84
2014,11,4,17383.84,4623.637,2012.1,17484.53
2014,11,5,17484.53,4620.723,2023.57,17554.47
2014,11,6,17554.47,4638.469,2031.21,17573.93
2014,11,7,17573.93,4632.532,2031.92,17613.74
2014,11,10,17613.74,4651.616,2038.26,17614.9
2014,11,11,17614.9,4660.556,2039.68,17612.2
2014,11,12,17612.2,4675.135,2038.25,17652.79
2014,11,13,17652.79,4680.141,2039.33,17634.74
2014,11,14,17634.74,4688.539,2039.82,17647.75
2014,11,17,17647.75,4671.002,2041.32,17687.82
2014,11,18,17687.82,4702.443,2051.8,17685.73
2014,11,19,17685.73,4675.712,2048.72,17719
2014,11,20,17719,4701.868,2052.75,17810.06
2014,11,21,17810.06,4712.97,2063.5,17817.9
2014,11,24,17817.9,4754.892,2069.41,17814.94
2014,11,25,17814.94,4758.251,2067.03,17827.75
2014,11,26,17827.75,4787.317,2072.83,17828.24
2014,11,28,17828.24,4791.63,2067.56,17776.8
2014,12,1,17776.8,4727.347,2053.44,17879.55
2014,12,2,17879.55,4755.811,2066.55,17912.62
2014,12,3,17912.62,4774.472,2074.33,17900.1
2014,12,4,17900.1,4769.436,2071.92,17958.79
2014,12,5,17958.79,4780.755,2075.37,17852.48
2014,12,8,17852.48,4740.691,2060.31,17801.2
2014,12,9,17801.2,4766.465,2059.82,17533.15
2014,12,10,17533.15,4684.025,2026.14,17596.34
2014,12,11,17596.34,4708.161,2035.33,17280.83
2014,12,12,17280.83,4653.596,2002.33,17180.84
2014,12,15,17180.84,4605.156,1989.63,17068.87
2014,12,16,17068.87,4547.834,1972.74,17356.87
2014,12,17,17356.87,4644.312,2012.89,17778.15
2014,12,18,17778.15,4748.396,2061.23,17804.8
2014,12,19,17804.8,4765.38,2070.65,17959.44
2014,12,22,17959.44,4781.424,2078.54,18024.17
2014,12,23,18024.17,4765.424,2082.17,18030.21
2014,12,24,18030.21,4773.472,2081.88,18053.71
2014,12,26,18053.71,4806.859,2088.77,18038.23
2014,12,29,18038.23,4806.91,2090.57,17983.07
2014,12,30,17983.07,4777.439,2080.35,17823.07
2014,12,31,17823.07,4736.054,2058.9,17832.99
2015,1,2,17832.99,4726.812,2058.2,17501.65
2015,1,5,17501.65,4652.574,2020.58,17371.64
2015,1,6,17371.64,4592.736,2002.61,17584.52
2015,1,7,17584.52,4650.467,2025.9,17907.87
2015,1,8,17907.87,4736.188,2062.14,17737.37
2015,1,9,17737.37,4704.066,2044.81,17640.84
2015,1,12,17640.84,4664.707,2028.26,17613.68
2015,1,13,17613.68,4661.497,2023.03,17427.09
2015,1,14,17427.09,4639.322,2011.27,17320.71
2015,1,15,17320.71,4570.824,1992.67,17511.57
2015,1,16,17511.57,4634.384,2019.42,17515.23
2015,1,20,17515.23,4654.846,2022.55,17554.28
2015,1,21,17554.28,4667.421,2032.12,17813.98
2015,1,22,17813.98,4750.397,2063.15,17672.6
2015,1,23,17672.6,4757.879,2051.82,17678.7
2015,1,26,17678.7,4771.763,2057.09,17387.21
2015,1,27,17387.21,4681.497,2029.55,17191.37
2015,1,28,17191.37,4637.994,2002.16,17416.85
2015,1,29,17416.85,4683.407,2021.25,17164.95
2015,1,30,17164.95,4635.24,1994.99,17361.04
2015,2,2,17361.04,4676.689,2020.85,17666.4
2015,2,3,17666.4,4727.738,2050.03,17673.02
2015,2,4,17673.02,4716.703,2041.51,17884.88
2015,2,5,17884.88,4765.098,2062.52,17824.29
2015,2,6,17824.29,4744.398,2055.47,17729.21
2015,2,9,17729.21,4726.012,2046.74,17868.76
2015,2,10,17868.76,4787.645,2068.59,17862.14
2015,2,11,17862.14,4801.181,2068.53,17972.38
2015,2,12,17972.38,4857.612,2088.48,18019.35
2015,2,13,18019.35,4893.836,2096.99,18047.58
2015,2,17,18047.58,4899.267,2100.34,18029.85
2015,2,18,18029.85,4906.364,2099.68,17985.77
2015,2,19,17985.77,4924.7,2097.45,18140.44
2015,2,20,18140.44,4955.966,2110.3,18116.84
2015,2,23,18116.84,4960.972,2109.66,18209.19
2015,2,24,18209.19,4968.122,2115.48,18224.57
2015,2,25,18224.57,4967.137,2113.86,18214.42
2015,2,26,18214.42,4987.89,2110.74,18132.7
2015,2,27,18132.7,4963.527,2104.5,18288.63
2015,3,2,18288.63,5008.096,2117.39,18203.37
2015,3,3,18203.37,4979.901,2107.78,18096.9
2015,3,4,18096.9,4967.142,2098.53,18135.72
2015,3,5,18135.72,4982.81,2101.04,17856.78
2015,3,6,17856.78,4927.37,2071.26,17995.72
2015,3,9,17995.72,4942.438,2079.43,17662.94
2015,3,10,17662.94,4859.795,2044.16,17635.39
2015,3,11,17635.39,4849.941,2040.24,17895.22
2015,3,12,17895.22,4893.291,2065.95,17749.31
2015,3,13,17749.31,4871.758,2053.4,17977.42
2015,3,16,17977.42,4929.508,2081.19,17849.08
2015,3,17,17849.08,4937.435,2074.28,18076.19
2015,3,18,18076.19,4982.828,2099.5,17959.03
2015,3,19,17959.03,4992.379,2089.27,18127.65
2015,3,20,18127.65,5026.418,2108.1,18116.04
2015,3,23,18116.04,5010.974,2104.42,18011.14
2015,3,24,18011.14,4994.728,2091.5,17718.54
2015,3,25,17718.54,4876.52,2061.05,17678.23
2015,3,26,17678.23,4863.362,2056.15,17712.66
2015,3,27,17712.66,4891.219,2061.02,17976.31
2015,3,30,17976.31,4947.441,2086.24,17776.12
2015,3,31,17776.12,4900.885,2067.89,17698.18
2015,4,1,17698.18,4880.228,2059.69,17763.24
2015,4,2,17763.24,4886.937,2066.96,17880.85
2015,4,6,17880.85,4917.317,2080.62,17875.42
2015,4,7,17875.42,4910.234,2076.33,17902.51
2015,4,8,17902.51,4950.821,2081.9,17958.73
2015,4,9,17958.73,4974.565,2091.18,18057.65
2015,4,10,18057.65,4995.978,2102.06,17977.04
2015,4,13,17977.04,4988.249,2092.43,18036.7
2015,4,14,18036.7,4977.287,2095.84,18112.61
2015,4,15,18112.61,5011.019,2106.63,18105.77
2015,4,16,18105.77,5007.791,2104.99,17826.3
2015,4,17,17826.3,4931.814,2081.18,18034.93
2015,4,20,18034.93,4994.602,2100.4,17949.59
2015,4,21,17949.59,5014.102,2097.29,18038.27
2015,4,22,18038.27,5035.171,2107.96,18058.69
2015,4,23,18058.69,5056.063,2112.93,18080.14
2015,4,24,18080.14,5092.085,2117.69,18037.97
2015,4,27,18037.97,5060.246,2108.92,18110.14
2015,4,28,18110.14,5055.422,2114.76,18035.53
2015,4,29,18035.53,5023.644,2106.85,17840.52
2015,4,30,17840.52,4941.424,2085.51,18024.06
2015,5,1,18024.06,5005.391,2108.29,18070.4
2015,5,4,18070.4,5016.929,2114.49,17928.2
2015,5,5,17928.2,4939.327,2089.46,17841.98
2015,5,6,17841.98,4919.645,2080.15,17924.06
2015,5,7,17924.06,4945.544,2088,18191.11
2015,5,8,18191.11,5003.549,2116.1,18105.17
2015,5,11,18105.17,4993.573,2105.33,18068.23
2015,5,12,18068.23,4976.189,2099.12,18060.49
2015,5,13,18060.49,4981.691,2098.48,18252.24
2015,5,14,18252.24,5050.795,2121.1,18272.56
2015,5,15,18272.56,5048.292,2122.73,18298.88
2015,5,18,18298.88,5078.439,2129.2,18312.39
2015,5,19,18312.39,5070.034,2127.83,18285.4
2015,5,20,18285.4,5071.743,2125.85,18285.74
2015,5,21,18285.74,5090.794,2130.82,18232.02
2015,5,22,18232.02,5089.362,2126.06,18041.54
2015,5,26,18041.54,5032.751,2104.2,18162.99
2015,5,27,18162.99,5106.593,2123.48,18126.12
2015,5,28,18126.12,5097.976,2120.79,18010.68
2015,5,29,18010.68,5070.026,2107.39,18040.37
2015,6,1,18040.37,5082.929,2111.73,18011.94
2015,6,2,18011.94,5076.524,2109.6,18076.27
2015,6,3,18076.27,5099.231,2114.07,17905.58
2015,6,4,17905.58,5059.125,2095.84,17849.46
2015,6,5,17849.46,5068.458,2092.83,17766.55
2015,6,8,17766.55,5021.627,2079.28,17764.04
2015,6,9,17764.04,5013.865,2080.15,18000.4
2015,6,10,18000.4,5076.689,2105.2,18039.37
2015,6,11,18039.37,5082.509,2108.86,17898.84
2015,6,12,17898.84,5051.102,2094.11,17791.17
2015,6,15,17791.17,5029.973,2084.43,17904.48
2015,6,16,17904.48,5055.553,2096.29,17935.74
2015,6,17,17935.74,5064.881,2100.44,18115.84
2015,6,18,18115.84,5132.949,2121.24,18015.95
2015,6,19,18015.95,5117.001,2109.99,18119.78
2015,6,22,18119.78,5153.972,2122.85,18144.07
2015,6,23,18144.07,5160.095,2124.2,17966.07
2015,6,24,17966.07,5122.414,2108.58,17890.36
2015,6,25,17890.36,5112.19,2102.31,17946.68
2015,6,26,17946.68,5080.505,2101.49,17596.35
2015,6,29,17596.35,4958.468,2057.64,17619.51
2015,6,30,17619.51,4986.867,2063.11,17757.91
2015,7,1,17757.91,5013.124,2077.42,17730.11
2015,7,2,17730.11,5009.214,2076.78,17683.58
2015,7,6,17683.58,4991.94,2068.76,17776.91
2015,7,7,17776.91,4997.459,2081.34,17515.42
2015,7,8,17515.42,4909.761,2046.68,17548.62
2015,7,9,17548.62,4922.397,2051.31,17760.41
2015,7,10,17760.41,4997.696,2076.62,17977.68
2015,7,13,17977.68,5071.512,2099.6,18053.58
2015,7,14,18053.58,5104.891,2108.95,18050.17
2015,7,15,18050.17,5098.941,2107.4,18120.25
2015,7,16,18120.25,5163.184,2124.29,18086.45
2015,7,17,18086.45,5210.143,2126.64,18100.41
2015,7,20,18100.41,5218.859,2128.28,17919.29
2015,7,21,17919.29,5208.12,2119.21,17851.04
2015,7,22,17851.04,5171.77,2114.15,17731.92
2015,7,23,17731.92,5146.409,2102.15,17568.53
2015,7,24,17568.53,5088.629,2079.65,17440.59
2015,7,27,17440.59,5039.776,2067.64,17630.27
2015,7,28,17630.27,5089.207,2093.25,17751.39
2015,7,29,17751.39,5111.733,2108.57,17745.98
2015,7,30,17745.98,5128.785,2108.63,17689.86
2015,7,31,17689.86,5128.281,2103.84,17598.2
2015,8,3,17598.2,5115.382,2098.04,17550.69
2015,8,4,17550.69,5105.546,2093.32,17540.47
2015,8,5,17540.47,5139.945,2099.84,17419.75
2015,8,6,17419.75,5056.44,2083.56,17373.38
2015,8,7,17373.38,5043.544,2077.57,17615.17
2015,8,10,17615.17,5101.799,2104.18,17402.84
2015,8,11,17402.84,5036.79,2084.07,17402.51
2015,8,12,17402.51,5044.387,2086.05,17408.25
2015,8,13,17408.25,5033.558,2083.39,17477.4
2015,8,14,17477.4,5048.235,2091.54,17545.18
2015,8,17,17545.18,5091.699,2102.44,17511.34
2015,8,18,17511.34,5059.347,2096.92,17348.73
2015,8,19,17348.73,5019.051,2079.61,16990.69
2015,8,20,16990.69,4877.487,2035.73,16459.75
2015,8,21,16459.75,4706.039,1970.89,15871.35
2015,8,24,15871.35,4526.249,1893.21,15666.44
2015,8,25,15666.44,4506.488,1867.61,16285.51
2015,8,26,16285.51,4697.537,1940.51,16654.77
2015,8,27,16654.77,4812.708,1987.66,16643.01
2015,8,28,16643.01,4828.325,1988.87,16528.03
2015,8,31,16528.03,4776.508,1972.18,16058.35
2015,9,1,16058.35,4636.105,1913.85,16351.38
2015,9,2,16351.38,4749.979,1948.86,16374.76
2015,9,3,16374.76,4733.497,1951.13,16102.38
2015,9,4,16102.38,4683.918,1921.22,16492.68
2015,9,8,16492.68,4811.93,1969.41,16253.57
2015,9,9,16253.57,4756.528,1942.04,16330.4
2015,9,10,16330.4,4796.251,1952.29,16433.09
2015,9,11,16433.09,4822.341,1961.05,16370.96
2015,9,14,16370.96,4805.763,1953.03,16599.85
2015,9,15,16599.85,4860.52,1978.09,16739.95
2015,9,16,16739.95,4889.239,1995.31,16674.74
2015,9,17,16674.74,4893.949,1990.2,16384.58
2015,9,18,16384.58,4827.228,1958.03,16510.19
2015,9,21,16510.19,4828.955,1966.97,16330.47
2015,9,22,16330.47,4756.723,1942.74,16279.89
2015,9,23,16279.89,4752.744,1938.76,16201.32
2015,9,24,16201.32,4734.479,1932.24,16314.67
2015,9,25,16314.67,4686.496,1931.34,16001.89
2015,9,28,16001.89,4543.969,1881.77,16049.13
2015,9,29,16049.13,4517.321,1884.09,16284.7
2015,9,30,16284.7,4620.165,1920.03,16272.01
2015,10,1,16272.01,4627.084,1923.82,16472.37
2015,10,2,16472.37,4707.775,1951.36,16776.43
2015,10,5,16776.43,4781.264,1987.05,16790.19
2015,10,6,16790.19,4748.36,1979.92,16912.29
2015,10,7,16912.29,4791.152,1995.83,17050.75
2015,10,8,17050.75,4810.788,2013.43,17084.49
2015,10,9,17084.49,4830.47,2014.89,17131.86
2015,10,12,17131.86,4838.643,2017.46,17081.89
2015,10,13,17081.89,4796.609,2003.69,16924.75
2015,10,14,16924.75,4782.848,1994.24,17141.75
2015,10,15,17141.75,4870.1,2023.86,17215.97
2015,10,16,17215.97,4886.688,2033.11,17230.54
2015,10,19,17230.54,4905.471,2033.66,17217.11
2015,10,20,17217.11,4880.972,2030.77,17168.61
2015,10,21,17168.61,4840.117,2018.94,17489.16
2015,10,22,17489.16,4920.05,2052.51,17646.7
2015,10,23,17646.7,5031.864,2075.15,17623.05
2015,10,26,17623.05,5034.704,2071.18,17581.43
2015,10,27,17581.43,5030.145,2065.89,17779.52
2015,10,28,17779.52,5095.69,2090.35,17755.8
2015,10,29,17755.8,5074.274,2089.41,17663.54
2015,10,30,17663.54,5053.749,2079.36,17828.76
2015,11,2,17828.76,5127.145,2104.05,17918.15
2015,11,3,17918.15,5145.126,2109.79,17867.58
2015,11,4,17867.58,5142.479,2102.31,17863.43
2015,11,5,17863.43,5127.738,2099.93,17910.33
2015,11,6,17910.33,5147.121,2099.2,17730.48
2015,11,9,17730.48,5095.302,2078.58,17758.21
2015,11,10,17758.21,5083.244,2081.72,17702.22
2015,11,11,17702.22,5067.02,2075,17448.07
2015,11,12,17448.07,5005.079,2045.97,17245.24
2015,11,13,17245.24,4927.883,2023.04,17483.01
2015,11,16,17483.01,4984.617,2053.19,17489.5
2015,11,17,17489.5,4986.015,2050.44,17737.16
2015,11,18,17737.16,5075.203,2083.58,17732.75
2015,11,19,17732.75,5073.639,2081.24,17823.81
2015,11,20,17823.81,5104.918,2089.17,17792.68
2015,11,23,17792.68,5102.478,2086.59,17812.19
2015,11,24,17812.19,5102.808,2089.14,17813.39
2015,11,25,17813.39,5116.143,2088.87,17798.49
2015,11,27,17798.49,5127.524,2090.11,17719.92
2015,11,30,17719.92,5108.666,2080.41,17888.35
2015,12,1,17888.35,5156.307,2102.63,17729.68
2015,12,2,17729.68,5123.222,2079.51,17477.67
2015,12,3,17477.67,5037.527,2049.62,17847.63
2015,12,4,17847.63,5142.271,2091.69,17730.51
2015,12,7,17730.51,5101.812,2077.07,17568
2015,12,8,17568,5098.243,2063.59,17492.3
2015,12,9,17492.3,5022.865,2047.62,17574.75
2015,12,10,17574.75,5045.172,2052.23,17265.21
2015,12,11,17265.21,4933.465,2012.37,17368.5
2015,12,14,17368.5,4952.229,2021.94,17524.91
2015,12,15,17524.91,4995.357,2043.41,17749.09
2015,12,16,17749.09,5071.132,2073.07,17495.84
2015,12,17,17495.84,5002.553,2041.89,17128.55
2015,12,18,17128.55,4923.082,2005.55,17251.62
2015,12,21,17251.62,4968.922,2021.15,17417.27
2015,12,22,17417.27,5001.11,2038.97,17602.61
2015,12,23,17602.61,5045.932,2064.29,17552.17
2015,12,24,17552.17,5048.492,2060.99,17528.27
2015,12,28,17528.27,5040.985,2056.5,17720.98
2015,12,29,17720.98,5107.938,2078.36,17603.87
2015,12,30,17603.87,5065.846,2063.36,17425.03
2015,12,31,17425.03,5007.412,2043.94,17148.94
2016,1,4,17148.94,4903.089,2012.66,17158.66
2016,1,5,17158.66,4891.43,2016.71,16906.51
2016,1,6,16906.51,4835.765,1990.26,16514.1
2016,1,7,16514.1,4689.426,1943.09,16346.45
2016,1,8,16346.45,4643.631,1922.03,16398.57
2016,1,11,16398.57,4637.989,1923.67,16516.22
2016,1,12,16516.22,4685.919,1938.68,16151.41
2016,1,13,16151.41,4526.064,1890.28,16379.05
2016,1,14,16379.05,4615.003,1921.84,15988.08
2016,1,15,15988.08,4488.417,1880.33,16016.02
2016,1,19,16016.02,4476.95,1881.33,15766.74
2016,1,20,15766.74,4471.686,1859.33,15882.68
2016,1,21,15882.68,4472.056,1868.99,16093.51
2016,1,22,16093.51,4591.18,1906.9,15885.22
2016,1,25,15885.22,4518.491,1877.08,16167.23
2016,1,26,16167.23,4567.673,1903.63,15944.46
2016,1,27,15944.46,4468.167,1882.95,16069.64
2016,1,28,16069.64,4506.676,1893.36,16466.3
2016,1,29,16466.3,4613.953,1940.24,16449.18
2016,2,1,16449.18,4620.367,1939.38,16153.54
2016,2,2,16153.54,4516.946,1903.03,16336.66
2016,2,3,16336.66,4504.238,1912.53,16416.58
2016,2,4,16416.58,4509.559,1915.45,16204.97
2016,2,5,16204.97,4363.144,1880.05,16027.05
2016,2,8,16027.05,4283.753,1853.44,16014.38
2016,2,9,16014.38,4268.763,1852.21,15914.74
2016,2,10,15914.74,4283.592,1851.86,15660.18
2016,2,11,15660.18,4266.837,1829.08,15973.84
2016,2,12,15973.84,4337.512,1864.78,16196.41
2016,2,16,16196.41,4435.956,1895.58,16453.83
2016,2,17,16453.83,4534.064,1926.82,16413.43
2016,2,18,16413.43,4487.537,1917.83,16391.99
2016,2,19,16391.99,4504.429,1917.78,16620.66
2016,2,22,16620.66,4570.607,1945.5,16431.78
2016,2,23,16431.78,4503.583,1921.27,16484.99
2016,2,24,16484.99,4542.606,1929.8,16697.29
2016,2,25,16697.29,4582.205,1951.7,16639.97
2016,2,26,16639.97,4590.473,1948.05,16516.5
2016,2,29,16516.5,4557.95,1932.23,16865.08
2016,3,1,16865.08,4689.595,1978.35,16899.32
2016,3,2,16899.32,4703.422,1986.45,16943.9
2016,3,3,16943.9,4707.422,1993.4,17006.77
2016,3,4,17006.77,4717.021,1999.99,17073.95
2016,3,7,17073.95,4708.254,2001.76,16964.1
2016,3,8,16964.1,4648.825,1979.26,17000.36
2016,3,9,17000.36,4674.378,1989.26,16995.13
2016,3,10,16995.13,4662.156,1989.57,17213.31
2016,3,11,17213.31,4748.466,2022.19,17229.13
2016,3,14,17229.13,4750.28,2019.64,17251.53
2016,3,15,17251.53,4728.668,2015.93,17325.76
2016,3,16,17325.76,4763.97,2027.22,17481.49
2016,3,17,17481.49,4774.985,2040.59,17602.3
2016,3,18,17602.3,4795.647,2049.58,17623.87
2016,3,21,17623.87,4808.872,2051.6,17582.57
2016,3,22,17582.57,4821.659,2049.8,17502.59
2016,3,23,17502.59,4768.861,2036.71,17515.73
2016,3,24,17515.73,4773.505,2035.94,17535.39
2016,3,28,17535.39,4766.787,2037.05,17633.11
2016,3,29,17633.11,4846.623,2055.01,17716.66
2016,3,30,17716.66,4869.294,2063.95,17685.09
2016,3,31,17685.09,4869.848,2059.74,17792.75
2016,4,1,17792.75,4914.542,2072.78,17737
2016,4,4,17737,4891.795,2066.13,17603.32
2016,4,5,17603.32,4843.933,2045.17,17716.05
2016,4,6,17716.05,4920.715,2066.66,17541.96
2016,4,7,17541.96,4848.366,2041.91,17576.96
2016,4,8,17576.96,4850.689,2047.6,17556.41
2016,4,11,17556.41,4833.399,2041.99,17721.25
2016,4,12,17721.25,4872.091,2061.72,17908.28
2016,4,13,17908.28,4947.42,2082.42,17926.43
2016,4,14,17926.43,4945.886,2082.78,17897.46
2016,4,15,17897.46,4938.216,2080.73,18004.16
2016,4,18,18004.16,4960.017,2094.34,18053.6
2016,4,19,18053.6,4940.33,2100.8,18096.27
2016,4,20,18096.27,4948.15,2102.4,17982.52
2016,4,21,17982.52,4945.93,2091.48,18003.75
2016,4,22,18003.75,4906.228,2091.58,17977.24
2016,4,25,17977.24,4895.786,2087.79,17990.32
2016,4,26,17990.32,4888.283,2091.7,18041.55
2016,4,27,18041.55,4863.141,2095.15,17830.76
2016,4,28,17830.76,4805.291,2075.81,17773.64
2016,4,29,17773.64,4775.358,2065.3,17891.16
2016,5,2,17891.16,4817.594,2081.43,17750.91
2016,5,3,17750.91,4763.224,2063.37,17651.26
2016,5,4,17651.26,4725.64,2051.12,17660.71
2016,5,5,17660.71,4717.094,2050.63,17740.63
2016,5,6,17740.63,4736.155,2057.14,17705.91
2016,5,9,17705.91,4750.209,2058.69,17928.35
2016,5,10,17928.35,4809.88,2084.39,17711.12
2016,5,11,17711.12,4760.688,2064.46,17720.5
2016,5,12,17720.5,4737.334,2064.11,17535.32
2016,5,13,17535.32,4717.676,2046.61,17710.71
2016,5,16,17710.71,4775.459,2066.66,17529.98
2016,5,17,17529.98,4715.733,2047.21,17526.62
2016,5,18,17526.62,4739.119,2047.63,17435.4
2016,5,19,17435.4,4712.533,2040.04,17500.94
2016,5,20,17500.94,4769.558,2052.32,17492.93
2016,5,23,17492.93,4765.782,2048.04,17706.05
2016,5,24,17706.05,4861.056,2076.06,17851.51
2016,5,25,17851.51,4894.891,2090.54,17828.29
2016,5,26,17828.29,4901.766,2090.1,17873.22
2016,5,27,17873.22,4933.505,2099.06,17787.2
2016,5,31,17787.2,4948.055,2096.96,17789.67
2016,6,1,17789.67,4952.251,2099.33,17838.56
2016,6,2,17838.56,4971.363,2105.26,17807.06
2016,6,3,17807.06,4942.517,2099.13,17920.33
2016,6,6,17920.33,4968.713,2109.41,17938.28
2016,6,7,17938.28,4961.753,2112.13,18005.05
2016,6,8,18005.05,4974.642,2119.12,17985.19
2016,6,9,17985.19,4958.616,2115.48,17865.34
2016,6,10,17865.34,4894.548,2096.07,17732.48
2016,6,13,17732.48,4848.44,2079.06,17674.82
2016,6,14,17674.82,4843.551,2075.32,17640.17
2016,6,15,17640.17,4834.932,2071.5,17733.1
2016,6,16,17733.1,4844.915,2077.99,17675.16
2016,6,17,17675.16,4800.338,2071.22,17804.87
2016,6,20,17804.87,4837.214,2083.25,17829.73
2016,6,21,17829.73,4843.763,2088.9,17780.83
2016,6,22,17780.83,4833.319,2085.45,18011.07
2016,6,23,18011.07,4910.041,2113.32,17400.75
2016,6,24,17400.75,4707.979,2037.41,17140.24
2016,6,27,17140.24,4594.443,2000.54,17409.72
2016,6,28,17409.72,4691.867,2036.09,17694.68
2016,6,29,17694.68,4779.246,2070.77,17929.99
2016,6,30,17929.99,4842.672,2098.86,17949.37
2016,7,1,17949.37,4862.567,2102.95,17840.62
2016,7,5,17840.62,4822.901,2088.55,17918.62
2016,7,6,17918.62,4859.161,2099.73,17895.88
2016,7,7,17895.88,4876.807,2097.9,18146.74
2016,7,8,18146.74,4956.757,2129.9,18226.93
2016,7,11,18226.93,4988.639,2137.16,18347.67
2016,7,12,18347.67,5022.82,2152.14,18372.12
2016,7,13,18372.12,5005.727,2152.43,18506.41
2016,7,14,18506.41,5034.058,2163.75,18516.55
2016,7,15,18516.55,5029.588,2161.74,18533.05
2016,7,18,18533.05,5055.783,2166.89,18559.01
2016,7,19,18559.01,5036.373,2163.78,18595.03
2016,7,20,18595.03,5089.933,2173.02,18517.23
2016,7,21,18517.23,5073.904,2165.17,18570.85
2016,7,22,18570.85,5100.162,2175.03,18493.06
2016,7,25,18493.06,5097.628,2168.48,18473.75
2016,7,26,18473.75,5110.047,2169.18,18472.17
2016,7,27,18472.17,5139.81,2166.58,18456.35
2016,7,28,18456.35,5154.982,2170.06,18432.24
2016,7,29,18432.24,5162.131,2173.6,18404.51
2016,8,1,18404.51,5184.196,2170.84,18313.77
2016,8,2,18313.77,5137.732,2157.03,18355
2016,8,3,18355,5159.737,2163.79,18352.05
2016,8,4,18352.05,5166.248,2164.25,18543.53
2016,8,5,18543.53,5221.121,2182.87,18529.29
2016,8,8,18529.29,5213.141,2180.89,18533.05
2016,8,9,18533.05,5225.48,2181.74,18495.66
2016,8,10,18495.66,5204.584,2175.49,18613.52
2016,8,11,18613.52,5228.399,2185.79,18576.47
2016,8,12,18576.47,5232.895,2184.05,18636.05
2016,8,15,18636.05,5262.015,2190.15,18552.02
2016,8,16,18552.02,5227.111,2178.15,18573.94
2016,8,17,18573.94,5228.658,2182.22,18597.7
2016,8,18,18597.7,5240.146,2187.02,18552.57
2016,8,19,18552.57,5238.378,2183.87,18529.42
2016,8,22,18529.42,5244.603,2182.64,18547.3
2016,8,23,18547.3,5260.078,2186.9,18481.48
2016,8,24,18481.48,5217.695,2175.44,18448.41
2016,8,25,18448.41,5212.204,2172.47,18395.4
2016,8,26,18395.4,5218.917,2169.04,18502.99
2016,8,29,18502.99,5232.328,2180.38,18454.3
2016,8,30,18454.3,5222.989,2176.12,18400.88
2016,8,31,18400.88,5213.219,2170.95,18419.3
2016,9,1,18419.3,5227.206,2170.86,18491.96
2016,9,2,18491.96,5249.899,2179.98,18538.12
2016,9,6,18538.12,5275.908,2186.48,18526.14
2016,9,7,18526.14,5283.926,2186.16,18479.91
2016,9,8,18479.91,5259.482,2181.3,18085.45
2016,9,9,18085.45,5125.908,2127.81,18325.07
2016,9,12,18325.07,5211.888,2159.04,18066.75
2016,9,13,18066.75,5155.255,2127.02,18034.77
2016,9,14,18034.77,5173.771,2125.77,18212.48
2016,9,15,18212.48,5249.686,2147.26,18123.8
2016,9,16,18123.8,5244.566,2139.16,18120.17
2016,9,19,18120.17,5235.027,2139.12,18129.96
2016,9,20,18129.96,5241.352,2139.76,18293.7
2016,9,21,18293.7,5295.182,2163.12,18392.46
2016,9,22,18392.46,5339.523,2177.18,18261.45
2016,9,23,18261.45,5305.747,2164.69,18094.83
2016,9,26,18094.83,5257.491,2146.1,18228.3
2016,9,27,18228.3,5305.711,2159.93,18339.24
2016,9,28,18339.24,5318.547,2171.37,18143.45
2016,9,29,18143.45,5269.154,2151.13,18308.15
2016,9,30,18308.15,5312.002,2168.27,18253.85
2016,10,3,18253.85,5300.874,2161.2,18168.45
2016,10,4,18168.45,5289.657,2150.49,18281.03
2016,10,5,18281.03,5316.02,2159.73,18268.5
2016,10,6,18268.5,5306.852,2160.77,18240.49
2016,10,7,18240.49,5292.405,2153.74,18329.04
2016,10,10,18329.04,5328.674,2163.66,18128.66
2016,10,11,18128.66,5246.788,2136.73,18144.2
2016,10,12,18144.2,5239.019,2139.18,18098.94
2016,10,13,18098.94,5213.333,2132.55,18138.38
2016,10,14,18138.38,5214.161,2132.98,18086.4
2016,10,17,18086.4,5199.823,2126.5,18161.94
2016,10,18,18161.94,5243.836,2139.6,18202.62
2016,10,19,18202.62,5246.412,2144.29,18162.35
2016,10,20,18162.35,5241.833,2141.34,18145.71
2016,10,21,18145.71,5257.402,2141.16,18223.03
2016,10,24,18223.03,5309.827,2151.33,18169.27
2016,10,25,18169.27,5283.399,2143.16,18199.33
2016,10,26,18199.33,5250.268,2139.43,18169.68
2016,10,27,18169.68,5215.975,2133.04,18161.19
2016,10,28,18161.19,5190.104,2126.41,18142.42
2016,10,31,18142.42,5189.135,2126.15,18037.1
2016,11,1,18037.1,5153.577,2111.72,17959.64
2016,11,2,17959.64,5105.565,2097.94,17930.67
2016,11,3,17930.67,5058.408,2088.66,17888.28
2016,11,4,17888.28,5046.371,2085.18,18259.6
2016,11,7,18259.6,5166.173,2131.52,18332.74
2016,11,8,18332.74,5193.489,2139.56,18589.69
2016,11,9,18589.69,5251.072,2163.26,18807.88
2016,11,10,18807.88,5208.796,2167.48,18847.66
2016,11,11,18847.66,5237.114,2164.45,18868.69
2016,11,14,18868.69,5218.396,2164.2,18923.06
2016,11,15,18923.06,5275.622,2180.39,18868.14
2016,11,16,18868.14,5294.584,2176.94,18903.82
2016,11,17,18903.82,5333.973,2187.12,18867.93
2016,11,18,18867.93,5321.513,2181.9,18956.69
2016,11,21,18956.69,5368.86,2198.18,19023.87
2016,11,22,19023.87,5386.35,2202.94,19083.18
2016,11,23,19083.18,5380.678,2204.72,19152.14
2016,11,25,19152.14,5398.92,2213.35,19097.9
2016,11,28,19097.9,5368.813,2201.72,19121.6
2016,11,29,19121.6,5379.918,2204.66,19123.58
2016,11,30,19123.58,5323.681,2198.81,19191.93
2016,12,1,19191.93,5251.107,2191.08,19170.42
2016,12,2,19170.42,5255.652,2191.95,19216.24
2016,12,5,19216.24,5308.892,2204.71,19251.78
2016,12,6,19251.78,5333,2212.23,19549.62
2016,12,7,19549.62,5393.762,2241.35,19614.81
2016,12,8,19614.81,5417.356,2246.19,19756.85
2016,12,9,19756.85,5444.498,2259.53,19796.43
2016,12,12,19796.43,5412.54,2256.96,19911.21
2016,12,13,19911.21,5463.829,2271.72,19792.53
2016,12,14,19792.53,5436.672,2253.28,19852.24
2016,12,15,19852.24,5456.854,2262.03,19843.41
2016,12,16,19843.41,5437.162,2258.07,19883.06
2016,12,19,19883.06,5457.441,2262.53,19974.62
2016,12,20,19974.62,5483.944,2270.76,19941.96
2016,12,21,19941.96,5471.433,2265.18,19918.88
2016,12,22,19918.88,5447.422,2260.96,19933.81
2016,12,23,19933.81,5462.689,2263.79,19945.04
2016,12,27,19945.04,5487.441,2268.88,19833.68
2016,12,28,19833.68,5438.556,2249.92,19819.78
2016,12,29,19819.78,5432.088,2249.26,19762.6
2016,12,30,19762.6,5383.117,2238.83,19881.76
2017,1,3,19881.76,5429.084,2257.83,19942.16
2017,1,4,19942.16,5477.005,2270.75,19899.29
2017,1,5,19899.29,5487.936,2269,19963.8
2017,1,6,19963.8,5521.055,2276.98,19887.38
2017,1,9,19887.38,5531.818,2268.9,19855.53
2017,1,10,19855.53,5551.818,2268.9,19954.28
2017,1,11,19954.28,5563.649,2275.32,19891
2017,1,12,19891,5547.487,2270.44,19885.73
2017,1,13,19885.73,5574.116,2274.64,19826.77
2017,1,17,19826.77,5538.727,2267.89,19804.72
2017,1,18,19804.72,5555.654,2271.89,19732.4
2017,1,19,19732.4,5540.081,2263.69,19827.25
2017,1,20,19827.25,5555.333,2271.31,19799.85
2017,1,23,19799.85,5552.943,2265.2,19912.71
2017,1,24,19912.71,5600.958,2280.07,20068.51
2017,1,25,20068.51,5656.339,2298.37,20100.91
2017,1,26,20100.91,5655.176,2296.68,20093.78
2017,1,27,20093.78,5660.782,2294.69,19971.13
2017,1,30,19971.13,5613.711,2280.9,19864.09
2017,1,31,19864.09,5614.786,2278.87,19890.94
2017,2,1,19890.94,5642.65,2279.55,19884.91
2017,2,2,19884.91,5636.197,2280.85,20071.46
2017,2,3,20071.46,5666.766,2297.42,20052.42
2017,2,6,20052.42,5663.552,2292.56,20090.29
2017,2,7,20090.29,5674.217,2293.08,20054.34
2017,2,8,20054.34,5682.454,2294.67,20172.4
2017,2,9,20172.4,5715.18,2307.87,20269.37
2017,2,10,20269.37,5734.127,2316.1,20412.16
2017,2,13,20412.16,5763.956,2328.25,20504.41
2017,2,14,20504.41,5782.572,2337.58,20611.86
2017,2,15,20611.86,5819.44,2349.25,20619.77
2017,2,16,20619.77,5814.9,2347.22,20624.05
2017,2,17,20624.05,5838.578,2351.16,20743
2017,2,21,20743,5865.949,2365.38,20775.6
2017,2,22,20775.6,5860.625,2362.82,20810.32
2017,2,23,20810.32,5835.507,2363.81,20821.76
2017,2,24,20821.76,5845.306,2367.34,20837.44
2017,2,27,20837.44,5861.899,2369.75,20812.24
2017,2,28,20812.24,5825.438,2363.64,21115.55
2017,3,1,21115.55,5904.029,2395.96,21002.97
2017,3,2,21002.97,5861.222,2381.92,21005.71
2017,3,3,21005.71,5870.753,2383.12,20954.34
2017,3,6,20954.34,5849.175,2375.31,20924.76
2017,3,7,20924.76,5833.929,2368.39,20855.73
2017,3,8,20855.73,5837.552,2362.98,20858.19
2017,3,9,20858.19,5838.807,2364.87,20902.98
2017,3,10,20902.98,5861.726,2372.6,20881.48
2017,3,13,20881.48,5875.784,2373.47,20837.37
2017,3,14,20837.37,5856.816,2365.45,20950.1
2017,3,15,20950.1,5900.047,2385.26,20934.55
2017,3,16,20934.55,5900.76,2381.38,20914.62
2017,3,17,20914.62,5900.997,2378.25,20905.86
2017,3,20,20905.86,5901.529,2373.47,20668.01
2017,3,21,20668.01,5793.825,2344.02,20661.3
2017,3,22,20661.3,5821.641,2348.45,20656.58
2017,3,23,20656.58,5817.693,2345.96,20596.72
2017,3,24,20596.72,5828.738,2343.98,20550.98
2017,3,27,20550.98,5840.374,2341.59,20701.5
2017,3,28,20701.5,5875.14,2358.57,20659.32
2017,3,29,20659.32,5897.547,2361.13,20728.49
2017,3,30,20728.49,5914.344,2368.06,20663.22
2017,3,31,20663.22,5911.738,2362.72,20650.21
2017,4,3,20650.21,5894.683,2358.84,20689.24
2017,4,4,20689.24,5898.608,2360.16,20648.15
2017,4,5,20648.15,5864.478,2352.95,20662.95
2017,4,6,20662.95,5878.95,2357.49,20656.1
2017,4,7,20656.1,5877.812,2355.54,20658.02
2017,4,10,20658.02,5880.926,2357.16,20651.3
2017,4,11,20651.3,5866.772,2353.78,20591.86
2017,4,12,20591.86,5836.16,2344.93,20453.25
2017,4,13,20453.25,5805.15,2328.95,20636.92
2017,4,17,20636.92,5856.788,2349.01,20523.28
2017,4,18,20523.28,5849.471,2342.19,20404.49
2017,4,19,20404.49,5863.034,2338.17,20578.71
2017,4,20,20578.71,5916.777,2355.84,20547.76
2017,4,21,20547.76,5910.521,2348.69,20763.89
2017,4,24,20763.89,5983.819,2374.15,20996.12
2017,4,25,20996.12,6025.492,2388.61,20975.09
2017,4,26,20975.09,6025.226,2387.45,20981.33
2017,4,27,20981.33,6048.937,2388.77,20940.51
2017,4,28,20940.51,6047.606,2384.2,20913.46
2017,5,1,20913.46,6091.602,2388.33,20949.89
2017,5,2,20949.89,6095.366,2391.17,20957.9
2017,5,3,20957.9,6072.55,2388.13,20951.47
2017,5,4,20951.47,6075.337,2389.52,21006.94
2017,5,5,21006.94,6100.758,2399.29,21012.28
2017,5,8,21012.28,6102.66,2399.38,20975.78
2017,5,9,20975.78,6120.587,2396.92,20943.11
2017,5,10,20943.11,6129.143,2399.63,20919.42
2017,5,11,20919.42,6115.964,2394.44,20896.61
2017,5,12,20896.61,6121.232,2390.9,20981.94
2017,5,15,20981.94,6149.674,2402.32,20979.75
2017,5,16,20979.75,6169.87,2400.67,20606.93
2017,5,17,20606.93,6011.236,2357.03,20663.02
2017,5,18,20663.02,6055.13,2365.72,20804.84
2017,5,19,20804.84,6083.703,2381.73,20894.83
2017,5,22,20894.83,6133.618,2394.02,20937.91
2017,5,23,20937.91,6138.712,2398.42,21012.42
2017,5,24,21012.42,6163.024,2404.39,21082.95
2017,5,25,21082.95,6205.257,2415.07,21080.28
2017,5,26,21080.28,6210.194,2415.82,21029.47
2017,5,30,21029.47,6203.189,2412.91,21008.65
2017,5,31,21008.65,6198.517,2411.8,21144.18
2017,6,1,21144.18,6246.83,2430.06,21206.29
2017,6,2,21206.29,6305.796,2439.07,21184.04
2017,6,5,21184.04,6295.684,2436.1,21136.23
2017,6,6,21136.23,6275.058,2429.33,21173.69
2017,6,7,21173.69,6297.38,2433.14,21182.53
2017,6,8,21182.53,6321.764,2433.79,21271.97
2017,6,9,21271.97,6207.918,2431.77,21235.67
2017,6,12,21235.67,6175.465,2429.39,21328.47
2017,6,13,21328.47,6220.369,2440.35,21374.56
2017,6,14,21374.56,6194.892,2437.92,21359.9
2017,6,15,21359.9,6165.501,2432.46,21384.28
2017,6,16,21384.28,6151.758,2433.15,21528.99
2017,6,19,21528.99,6239.013,2453.46,21467.14
2017,6,20,21467.14,6188.031,2437.03,21410.03
2017,6,21,21410.03,6233.953,2435.61,21397.29
2017,6,22,21397.29,6236.685,2434.5,21394.76
2017,6,23,21394.76,6265.25,2438.3,21409.55
2017,6,26,21409.55,6247.149,2439.07,21310.66
2017,6,27,21310.66,6146.623,2419.38,21454.61
2017,6,28,21454.61,6234.415,2440.69,21287.03
2017,6,29,21287.03,6144.351,2419.7,21349.63
2017,6,30,21349.63,6140.42,2423.41,21479.27
2017,7,3,21479.27,6110.06,2429.01,21478.17
2017,7,5,21478.17,6150.855,2432.54,21320.04
2017,7,6,21320.04,6089.464,2409.75,21414.34
2017,7,7,21414.34,6153.079,2425.18,21408.52
2017,7,10,21408.52,6176.393,2427.43,21409.07
2017,7,11,21409.07,6193.305,2425.53,21532.14
2017,7,12,21532.14,6261.171,2443.25,21553.09
2017,7,13,21553.09,6274.437,2447.83,21637.74
2017,7,14,21637.74,6312.465,2459.27,21629.72
2017,7,17,21629.72,6314.431,2459.14,21574.73
2017,7,18,21574.73,6344.305,2460.61,21640.75
2017,7,19,21640.75,6385.042,2473.83,21611.78
2017,7,20,21611.78,6390.002,2473.45,21580.07
2017,7,21,21580.07,6387.754,2472.54,21513.17
2017,7,24,21513.17,6410.808,2469.91,21613.43
2017,7,25,21613.43,6412.173,2477.13,21711.01
2017,7,26,21711.01,6422.747,2477.83,21796.55
2017,7,27,21796.55,6382.186,2475.42,21830.31
2017,7,28,21830.31,6374.677,2472.1,21891.12
2017,7,31,21891.12,6348.123,2470.3,21963.92
2017,8,1,21963.92,6362.938,2476.35,22016.24
2017,8,2,22016.24,6362.645,2477.57,22026.1
2017,8,3,22026.1,6340.341,2472.16,22092.81
2017,8,4,22092.81,6351.564,2476.83,22118.42
2017,8,7,22118.42,6383.772,2480.91,22085.34
2017,8,8,22085.34,6370.46,2474.92,22048.7
2017,8,9,22048.7,6352.332,2474.02,21844.01
2017,8,10,21844.01,6216.872,2438.21,21858.32
2017,8,11,21858.32,6256.556,2441.32,21993.71
2017,8,14,21993.71,6340.232,2465.84,21998.99
2017,8,15,21998.99,6333.013,2464.61,22024.87
2017,8,16,22024.87,6345.109,2468.11,21750.73
2017,8,17,21750.73,6221.915,2430.01,21674.51
2017,8,18,21674.51,6216.527,2425.55,21703.75
2017,8,21,21703.75,6213.127,2428.37,21899.89
2017,8,22,21899.89,6297.478,2452.51,21812.09
2017,8,23,21812.09,6278.406,2444.04,21783.4
2017,8,24,21783.4,6271.326,2438.97,21813.67
2017,8,25,21813.67,6265.644,2443.05,21808.4
2017,8,28,21808.4,6283.015,2444.24,21865.37
2017,8,29,21865.37,6301.886,2446.3,21892.43
2017,8,30,21892.43,6368.309,2457.59,21948.1
2017,8,31,21948.1,6428.662,2471.65,21987.56
2017,9,1,21987.56,6435.331,2476.55,21753.31
2017,9,5,21753.31,6375.574,2457.85,21807.64
2017,9,6,21807.64,6393.314,2465.54,21784.78
2017,9,7,21784.78,6397.869,2465.1,21797.79
2017,9,8,21797.79,6360.191,2461.43,22057.37
2017,9,11,22057.37,6432.264,2488.11,22118.86
2017,9,12,22118.86,6454.282,2496.48,22158.18
2017,9,13,22158.18,6460.188,2498.37,22203.48
2017,9,14,22203.48,6429.084,2495.62,22268.34
2017,9,15,22268.34,6448.467,2500.23,22331.35
2017,9,18,22331.35,6454.639,2503.87,22370.8
2017,9,19,22370.8,6461.323,2506.65,22412.59
2017,9,20,22412.59,6456.044,2508.24,22359.23
2017,9,21,22359.23,6422.693,2500.6,22349.59
2017,9,22,22349.59,6426.922,2502.22,22296.09
2017,9,25,22296.09,6370.593,2496.66,22284.32
2017,9,26,22284.32,6380.164,2496.84,22340.71
2017,9,27,22340.71,6453.263,2507.04,22381.2
2017,9,28,22381.2,6453.451,2510.06,22405.09
2017,9,29,22405.09,6495.959,2519.36,22557.6
2017,10,2,22557.6,6516.718,2529.12,22641.67
2017,10,3,22641.67,6531.714,2534.58,22661.64
2017,10,4,22661.64,6534.627,2537.74,22775.39
2017,10,5,22775.39,6585.356,2552.07,22773.67
2017,10,6,22773.67,6590.18,2549.33,22761.07
2017,10,9,22761.07,6579.731,2544.73,22830.68
2017,10,10,22830.68,6587.251,2550.64,22872.89
2017,10,11,22872.89,6603.548,2555.24,22841.01
2017,10,12,22841.01,6591.51,2550.93,22871.72
2017,10,13,22871.72,6605.801,2553.17,22956.96
2017,10,16,22956.96,6624.005,2557.64,22997.44
2017,10,17,22997.44,6623.657,2559.36,23157.6
2017,10,18,23157.6,6624.22,2561.26,23163.04
2017,10,19,23163.04,6605.067,2562.1,23328.63
2017,10,20,23328.63,6629.053,2575.21,23273.96
2017,10,23,23273.96,6586.826,2564.98,23441.76
2017,10,24,23441.76,6598.43,2569.13,23329.46
2017,10,25,23329.46,6563.891,2557.15,23400.86
2017,10,26,23400.86,6556.774,2560.4,23434.19
2017,10,27,23434.19,6701.263,2581.07,23348.74
2017,10,30,23348.74,6698.963,2572.83,23377.24
2017,10,31,23377.24,6727.669,2575.26,23435.01
2017,11,1,23435.01,6716.533,2579.36,23516.26
2017,11,2,23516.26,6714.943,2579.85,23539.19
2017,11,3,23539.19,6764.435,2587.84,23548.42
2017,11,6,23548.42,6786.436,2591.13,23557.23
2017,11,7,23557.23,6767.783,2590.64,23563.36
2017,11,8,23563.36,6789.118,2594.38,23461.94
2017,11,9,23461.94,6750.053,2584.62,23422.21
2017,11,10,23422.21,6750.939,2582.3,23439.7
2017,11,13,23439.7,6757.595,2584.84,23409.47
2017,11,14,23409.47,6737.872,2578.87,23271.28
2017,11,15,23271.28,6706.208,2564.62,23458.36
2017,11,16,23458.36,6793.291,2585.64,23358.24
2017,11,17,23358.24,6782.791,2578.85,23430.33
2017,11,20,23430.33,6790.714,2582.14,23590.83
2017,11,21,23590.83,6862.477,2599.03,23526.18
2017,11,22,23526.18,6867.361,2597.08,23557.99
2017,11,24,23557.99,6889.16,2602.42,23580.78
2017,11,27,23580.78,6878.521,2601.42,23836.71
2017,11,28,23836.71,6912.358,2627.04,23940.68
2017,11,29,23940.68,6824.34,2626.07,24272.35
2017,11,30,24272.35,6873.973,2647.58,24231.59
2017,12,1,24231.59,6847.586,2642.22,24290.05
2017,12,4,24290.05,6775.366,2639.44,24180.64
2017,12,5,24180.64,6762.213,2629.57,24140.91
2017,12,6,24140.91,6776.375,2629.27,24211.48
2017,12,7,24211.48,6812.841,2636.98,24329.16
2017,12,8,24329.16,6840.081,2651.5,24386.03
2017,12,11,24386.03,6875.078,2659.99,24504.8
2017,12,12,24504.8,6862.317,2664.11,24585.43
2017,12,13,24585.43,6875.799,2662.85,24508.66
2017,12,14,24508.66,6856.525,2652.01,24651.74
2017,12,15,24651.74,6936.583,2675.81,24792.2
2017,12,18,24792.2,6994.759,2690.16,24754.75
2017,12,19,24754.75,6963.851,2681.47,24726.65
2017,12,20,24726.65,6960.959,2679.25,24782.29
2017,12,21,24782.29,6965.361,2684.57,24754.06
2017,12,22,24754.06,6959.96,2683.34,24746.21
2017,12,26,24746.21,6936.25,2680.5,24774.3
2017,12,27,24774.3,6939.336,2682.62,24837.51
2017,12,28,24837.51,6950.161,2687.54,24719.22
2017,12,29,24719.22,6903.389,2673.61,24824.01
2018,1,2,24824.01,7006.898,2695.81,24922.68
2018,1,3,24922.68,7065.531,2713.06,25075.13
2018,1,4,25075.13,7077.915,2723.99,25295.87
2018,1,5,25295.87,7136.558,2743.15,25283
2018,1,8,25283,7157.386,2747.71,25385.8
2018,1,9,25385.8,7163.578,2751.29,25369.13
2018,1,10,25369.13,7153.572,2748.23,25574.73
2018,1,11,25574.73,7211.777,2767.56,25803.19
2018,1,12,25803.19,7261.062,2786.24,25792.86
2018,1,16,25792.86,7223.686,2776.42,26115.65
2018,1,17,26115.65,7298.279,2802.56,26017.81
2018,1,18,26017.81,7296.047,2798.03,26071.72
2018,1,19,26071.72,7336.38,2810.3,26214.6
2018,1,22,26214.6,7408.032,2832.97,26210.81
2018,1,23,26210.81,7460.289,2839.13,26252.12
2018,1,24,26252.12,7415.059,2837.54,26392.79
2018,1,25,26392.79,7411.164,2839.25,26616.71
2018,1,26,26616.71,7505.772,2872.87,26439.48
2018,1,29,26439.48,7466.505,2853.53,26076.89
2018,1,30,26076.89,7402.482,2822.43,26149.39
2018,1,31,26149.39,7411.482,2823.81,26186.71
2018,2,1,26186.71,7385.863,2821.98,25520.96
2018,2,2,25520.96,7240.946,2762.13,24345.75
2018,2,5,24345.75,6967.526,2648.94,24912.77
2018,2,6,24912.77,7115.882,2695.14,24893.35
2018,2,7,24893.35,7051.983,2681.66,23860.46
2018,2,8,23860.46,6777.159,2581,24190.9
2018,2,9,24190.9,6874.491,2619.55,24601.27
2018,2,12,24601.27,6981.964,2656,24640.45
2018,2,13,24640.45,7013.51,2662.94,24893.49
2018,2,14,24893.49,7143.615,2698.63,25200.37
2018,2,15,25200.37,7256.43,2731.2,25219.38
2018,2,16,25219.38,7239.465,2732.22,24964.75
2018,2,20,24964.75,7234.308,2716.26,24797.78
2018,2,21,24797.78,7218.228,2701.33,24962.48
2018,2,22,24962.48,7210.085,2703.96,25309.99
2018,2,23,25309.99,7337.391,2747.3,25709.27
2018,2,26,25709.27,7421.463,2779.6,25410.03
2018,2,27,25410.03,7330.354,2744.28,25029.2
2018,2,28,25029.2,7273.009,2713.83,24608.98
2018,3,1,24608.98,7180.562,2677.67,24538.06
2018,3,2,24538.06,7257.867,2691.25,24874.76
2018,3,5,24874.76,7330.705,2720.94,24884.12
2018,3,6,24884.12,7372.007,2728.12,24801.36
2018,3,7,24801.36,7396.649,2726.8,24895.21
2018,3,8,24895.21,7427.946,2738.97,25335.74
2018,3,9,25335.74,7560.811,2786.57,25178.61
2018,3,12,25178.61,7588.325,2783.02,25007.03
2018,3,13,25007.03,7511.012,2765.31,24758.12
2018,3,14,24758.12,7496.811,2749.48,24873.66
2018,3,15,24873.66,7481.742,2747.33,24946.51
2018,3,16,24946.51,7481.988,2752.01,24610.91
2018,3,19,24610.91,7344.244,2712.92,24727.27
2018,3,20,24727.27,7364.302,2716.94,24682.31
2018,3,21,24682.31,7345.285,2711.93,23957.89
2018,3,22,23957.89,7166.677,2643.69,23533.2
2018,3,23,23533.2,6992.666,2588.26,24202.6
2018,3,26,24202.6,7220.543,2658.55,23857.71
2018,3,27,23857.71,7008.806,2612.62,23848.42
2018,3,28,23848.42,6949.227,2605,24103.11
2018,3,29,24103.11,7063.445,2640.87,23644.19
2018,4,2,23644.19,6870.119,2581.88,24033.36
2018,4,3,24033.36,6941.282,2614.45,24264.3
2018,4,4,24264.3,7042.107,2644.69,24505.22
2018,4,5,24505.22,7076.552,2662.84,23932.76
2018,4,6,23932.76,6915.111,2604.47,23979.1
2018,4,9,23979.1,6950.344,2613.16,24408
2018,4,10,24408,7094.3,2656.87,24189.45
2018,4,11,24189.45,7069.026,2642.19,24483.05
2018,4,12,24483.05,7140.248,2663.99,24360.14
2018,4,13,24360.14,7106.65,2656.3,24573.04
2018,4,16,24573.04,7156.285,2677.84,24786.63
2018,4,17,24786.63,7281.099,2706.39,24748.07
2018,4,18,24748.07,7295.236,2708.64,24664.89
2018,4,19,24664.89,7238.056,2693.13,24462.94
2018,4,20,24462.94,7146.126,2670.14,24448.69
2018,4,23,24448.69,7128.602,2670.29,24024.13
2018,4,24,24024.13,7007.353,2634.56,24083.83
2018,4,25,24083.83,7003.737,2639.4,24322.34
2018,4,26,24322.34,7118.677,2666.94,24311.19
2018,4,27,24311.19,7119.799,2669.91,24163.15
2018,4,30,24163.15,7066.266,2648.05,24099.05
2018,5,1,24099.05,7130.704,2654.8,23924.98
2018,5,2,23924.98,7100.896,2635.67,23930.15
2018,5,3,23930.15,7088.151,2629.73,24262.51
2018,5,4,24262.51,7209.618,2663.42,24357.32
2018,5,7,24357.32,7265.213,2672.63,24360.21
2018,5,8,24360.21,7266.902,2671.92,24542.54
2018,5,9,24542.54,7339.905,2697.79,24739.53
2018,5,10,24739.53,7404.975,2723.07,24831.17
2018,5,11,24831.17,7402.883,2727.72,24899.41
2018,5,14,24899.41,7411.315,2730.13,24706.41
2018,5,15,24706.41,7351.627,2711.45,24768.93
2018,5,16,24768.93,7398.295,2722.46,24713.98
2018,5,17,24713.98,7382.473,2720.13,24715.09
2018,5,18,24715.09,7354.339,2712.97,25013.29
2018,5,21,25013.29,7394.036,2733.01,24834.41
2018,5,22,24834.41,7378.455,2724.44,24886.81
2018,5,23,24886.81,7425.956,2733.29,24811.76
2018,5,24,24811.76,7424.429,2727.76,24753.09
2018,5,25,24753.09,7433.854,2721.33,24361.45
2018,5,29,24361.45,7396.594,2689.86,24667.78
2018,5,30,24667.78,7462.454,2724.01,24415.84
2018,5,31,24415.84,7442.117,2705.27,24635.21
2018,6,1,24635.21,7554.332,2734.62,24813.69
2018,6,4,24813.69,7606.459,2746.87,24799.98
2018,6,5,24799.98,7637.863,2748.8,25146.39
2018,6,6,25146.39,7689.243,2772.35,25241.41
2018,6,7,25241.41,7635.07,2770.37,25316.53
2018,6,8,25316.53,7645.511,2779.03,25322.31
2018,6,11,25322.31,7659.925,2782,25320.73
2018,6,12,25320.73,7703.794,2786.85,25201.2
2018,6,13,25201.2,7695.699,2775.63,25175.31
2018,6,14,25175.31,7761.042,2782.49,25090.48
2018,6,15,25090.48,7746.378,2779.66,24987.47
2018,6,18,24987.47,7747.025,2773.75,24700.21
2018,6,19,24700.21,7725.585,2762.59,24657.8
2018,6,20,24657.8,7781.515,2767.32,24461.7
2018,6,21,24461.7,7712.952,2749.76,24580.89
2018,6,22,24580.89,7692.817,2754.88,24252.8
2018,6,25,24252.8,7532.006,2717.07,24283.11
2018,6,26,24283.11,7561.627,2723.06,24117.59
2018,6,27,24117.59,7445.085,2699.63,24216.05
2018,6,28,24216.05,7503.683,2716.31,24271.41
2018,6,29,24271.41,7510.304,2718.37,24307.18
2018,7,2,24307.18,7567.687,2726.71,24174.82
2018,7,3,24174.82,7502.673,2713.22,24356.74
2018,7,5,24356.74,7586.426,2736.61,24456.48
2018,7,6,24456.48,7688.387,2759.82,24776.59
2018,7,9,24776.59,7756.201,2784.17,24919.66
2018,7,10,24919.66,7759.198,2793.84,24700.45
2018,7,11,24700.45,7716.611,2774.02,24924.89
2018,7,12,24924.89,7823.916,2798.29,25019.41
2018,7,13,25019.41,7825.976,2801.31,25064.36
2018,7,16,25064.36,7805.719,2798.43,25119.89
2018,7,17,25119.89,7855.118,2809.55,25199.29
2018,7,18,25199.29,7854.444,2815.62,25064.5
2018,7,19,25064.5,7825.296,2804.49,25058.12
2018,7,20,25058.12,7820.198,2801.83,25044.29
2018,7,23,25044.29,7841.873,2806.98,25241.94
2018,7,24,25241.94,7840.768,2820.4,25414.1
2018,7,25,25414.1,7932.239,2846.07,25527.07
2018,7,26,25527.07,7852.185,2837.44,25451.06
2018,7,27,25451.06,7737.419,2818.82,25306.83
2018,7,30,25306.83,7630.004,2802.6,25415.19
2018,7,31,25415.19,7671.789,2816.29,25333.82
2018,8,1,25333.82,7707.286,2813.36,25326.16
2018,8,2,25326.16,7802.685,2827.22,25462.58
2018,8,3,25462.58,7812.015,2840.35,25502.18
2018,8,6,25502.18,7859.678,2850.4,25628.91
2018,8,7,25628.91,7883.664,2858.45,25583.75
2018,8,8,25583.75,7888.326,2857.7,25509.23
2018,8,9,25509.23,7891.782,2853.58,25313.14
2018,8,10,25313.14,7839.11,2833.28,25187.7
2018,8,13,25187.7,7819.706,2821.93,25299.92
2018,8,14,25299.92,7870.895,2839.96,25162.41
2018,8,15,25162.41,7774.118,2818.37,25558.73
2018,8,16,25558.73,7806.524,2840.69,25669.32
2018,8,17,25669.32,7816.33,2850.13,25758.69
2018,8,20,25758.69,7821.006,2857.05,25822.29
2018,8,21,25822.29,7859.173,2862.96,25733.6
2018,8,22,25733.6,7889.097,2861.82,25656.98
2018,8,23,25656.98,7878.458,2856.98,25790.35
2018,8,24,25790.35,7945.975,2874.69,26049.64
2018,8,27,26049.64,8017.895,2896.74,26064.02
2018,8,28,26064.02,8030.039,2897.52,26124.57
2018,8,29,26124.57,8109.688,2914.04,25986.92
2018,8,30,25986.92,8088.363,2901.13,25964.82
2018,8,31,25964.82,8109.537,2901.52,25952.48
2018,9,4,25952.48,8091.246,2896.72,25974.99
2018,9,5,25974.99,7995.172,2888.6,25995.87
2018,9,6,25995.87,7922.726,2878.05,25916.54
2018,9,7,25916.54,7902.542,2871.68,25857.07
2018,9,10,25857.07,7924.16,2877.13,25971.06
2018,9,11,25971.06,7972.474,2887.89,25998.92
2018,9,12,25998.92,7954.229,2888.92,26145.99
2018,9,13,26145.99,8013.71,2904.18,26154.67
2018,9,14,26154.67,8010.043,2904.98,26062.12
2018,9,17,26062.12,7895.792,2888.8,26246.96
2018,9,18,26246.96,7956.107,2904.31,26405.76
2018,9,19,26405.76,7950.038,2907.95,26656.98
2018,9,20,26656.98,8028.232,2930.75,26743.5
2018,9,21,26743.5,7986.955,2929.67,26562.05
2018,9,24,26562.05,7993.248,2919.37,26492.21
2018,9,25,26492.21,8007.471,2915.56,26385.28
2018,9,26,26385.28,7990.366,2905.97,26439.93
2018,9,27,26439.93,8041.968,2914,26458.31
2018,9,28,26458.31,8046.353,2913.98,26651.21
2018,10,1,26651.21,8037.302,2924.59,26773.94
2018,10,2,26773.94,7999.547,2923.43,26828.39
2018,10,3,26828.39,8025.085,2925.51,26627.48
2018,10,4,26627.48,7879.51,2901.61,26447.05
2018,10,5,26447.05,7788.447,2885.57,26486.78
2018,10,8,26486.78,7735.949,2884.43,26430.57
2018,10,9,26430.57,7738.016,2880.34,25598.74
2018,10,10,25598.74,7422.05,2785.68,25052.83
2018,10,11,25052.83,7329.061,2728.37,25339.99
2018,10,12,25339.99,7496.894,2767.13,25250.55
2018,10,15,25250.55,7430.744,2750.79,25798.42
2018,10,16,25798.42,7645.489,2809.92,25706.68
2018,10,17,25706.68,7642.703,2809.21,25379.45
2018,10,18,25379.45,7485.139,2768.78,25444.34
2018,10,19,25444.34,7449.026,2767.78,25317.41
2018,10,22,25317.41,7468.629,2755.88,25191.43
2018,10,23,25191.43,7437.539,2740.69,24583.42
2018,10,24,24583.42,7108.401,2656.1,24984.55
2018,10,25,24984.55,7318.336,2705.57,24688.31
2018,10,26,24688.31,7167.212,2658.69,24442.92
2018,10,29,24442.92,7050.292,2641.25,24874.64
2018,10,30,24874.64,7161.65,2682.63,25115.76
2018,10,31,25115.76,7305.899,2711.74,25380.74
2018,11,1,25380.74,7434.057,2740.37,25270.83
2018,11,2,25270.83,7356.994,2723.06,25461.7
2018,11,5,25461.7,7328.851,2738.31,25635.01
2018,11,6,25635.01,7375.964,2755.45,26180.3
2018,11,7,26180.3,7570.754,2813.89,26191.22
2018,11,8,26191.22,7530.885,2806.83,25989.3
2018,11,9,25989.3,7406.902,2781.01,25387.18
2018,11,12,25387.18,7200.869,2726.22,25286.49
2018,11,13,25286.49,7200.875,2722.18,25080.5
2018,11,14,25080.5,7136.393,2701.58,25289.27
2018,11,15,25289.27,7259.032,2730.2,25413.22
2018,11,16,25413.22,7247.873,2736.27,25017.44
2018,11,19,25017.44,7028.477,2690.73,24465.64
2018,11,20,24465.64,6908.823,2641.89,24464.69
2018,11,21,24464.69,6972.251,2649.93,24285.95
2018,11,23,24285.95,6938.984,2632.56,24640.24
2018,11,26,24640.24,7081.853,2673.45,24748.73
2018,11,27,24748.73,7082.7,2682.17,25366.43
2018,11,28,25366.43,7291.592,2743.79,25338.84
2018,11,29,25338.84,7273.083,2737.76,25538.46
2018,11,30,25538.46,7330.537,2760.17,25826.43
2018,12,3,25826.43,7441.512,2790.37,25027.07
2018,12,4,25027.07,7158.426,2700.06,24947.67
2018,12,6,24947.67,7188.258,2695.95,24388.95
2018,12,7,24388.95,6969.252,2633.08,24423.26
2018,12,10,24423.26,7020.521,2637.72,24370.24
2018,12,11,24370.24,7031.832,2636.78,24527.27
2018,12,12,24527.27,7098.312,2651.07,24597.38
2018,12,13,24597.38,7070.334,2650.54,24100.51
2018,12,14,24100.51,6910.665,2599.95,23592.98
2018,12,17,23592.98,6753.732,2545.94,23675.64
2018,12,18,23675.64,6783.912,2546.16,23323.66
2018,12,19,23323.66,6636.827,2506.96,22859.6
2018,12,20,22859.6,6528.407,2467.42,22445.37
2018,12,21,22445.37,6332.995,2416.62,21792.2
2018,12,24,21792.2,6192.919,2351.1,22878.45
2018,12,26,22878.45,6554.355,2467.7,23138.82
2018,12,27,23138.82,6579.492,2488.83,23062.4
2018,12,28,23062.4,6584.522,2485.74,23327.46
2018,12,31,23327.46,6635.277,2506.85,23346.24
2019,1,2,23346.24,6665.938,2510.03,22686.22
2019,1,3,22686.22,6463.504,2447.89,23433.16
2019,1,4,23433.16,6738.857,2531.94,23531.35
2019,1,7,23531.35,6823.471,2549.69,23787.45
2019,1,8,23787.45,6896.999,2574.41,23879.12
2019,1,9,23879.12,6957.077,2584.96,24001.92
2019,1,10,24001.92,6986.068,2596.64,23995.95
2019,1,11,23995.95,6971.476,2596.26,23909.84
2019,1,14,23909.84,6905.916,2582.61,24065.59
2019,1,15,24065.59,7023.834,2610.3,24207.16
2019,1,16,24207.16,7034.693,2616.1,24370.1
2019,1,17,24370.1,7084.463,2635.96,24706.35
2019,1,18,24706.35,7157.228,2670.71,24404.48
2019,1,22,24404.48,7020.356,2632.9,24575.62
2019,1,23,24575.62,7025.768,2638.7,24553.24
2019,1,24,24553.24,7073.461,2642.33,24737.2
2019,1,25,24737.2,7164.864,2664.76,24528.22
2019,1,28,24528.22,7085.685,2643.85,24579.96
2019,1,29,24579.96,7028.291,2640,25014.86
2019,1,30,25014.86,7183.08,2681.05,24999.67
2019,1,31,24999.67,7281.737,2704.1,25063.89
2019,2,1,25063.89,7263.868,2706.53,25239.37
2019,2,4,25239.37,7347.536,2724.87,25411.52
2019,2,5,25411.52,7402.084,2737.7,25390.3
2019,2,6,25390.3,7375.281,2731.61,25169.53
2019,2,7,25169.53,7288.352,2706.05,25106.33
2019,2,8,25106.33,7298.198,2707.88,25053.11
2019,2,11,25053.11,7307.905,2710.04,25053.11
